주차장명,주차장종류,주차장종류명,위도,경도,원본명칭_수,전체_행_수,평일운영시간,주말운영시간,ev_충전소_500m,총주차면_합산,주소,자치구,ev_등록대수,총주차면_norm,평일운영_norm,주말운영_norm,ev_충전소_역,ev_등록_norm,ev_충전소_역_norm,자체소비_점수,EV충전_점수,축3_자가소비적합성
DDP동측(양쪽) 관광버스전용 주차장(시),NS,노상 주차장,37.56608679,127.01128324,1,20,24.0,24.0,106,21.0,중구 을지로7가 2-36,중구,2000,0.013296011196641006,1.0,1.0,304,0.007662835249042127,0.7450980392156863,0.6710986703988803,0.3763804372323642,0.5237395538156222
가마산고가밑 공영주차장(시),NS,노상 주차장,37.492864515,126.882595635,1,18,10.0,6.0,92,18.0,구로구 구로동 414-13,구로구,3621,0.01119664100769769,0.06666666666666665,0.05263157894736842,318,0.12709991158267017,0.7794117647058824,0.04349829554057758,0.4532558381442763,0.24837706684242694
가산동 금천교 공영주차장(시),NS,노상 주차장,37.46592765,126.8871008,1,37,10.0,6.0,281,37.0,금천구 가산동 691-3,금천구,2257,0.0244926522043387,0.06666666666666665,0.05263157894736842,129,0.02659888004715591,0.3161764705882353,0.047930299272791264,0.1713876753176956,0.10965898729524344
가양3동 공영주차장(시),NW,노외 주차장,37.56033753,126.85977547,1,1,10.0,6.0,243,56.0,강서구 가양동 1488-12,강서구,8009,0.03778866340097971,0.06666666666666665,0.05263157894736842,167,0.45041261420571765,0.40931372549019607,0.05236230300500492,0.42986316984795686,0.2411127364264809
가양라이품 공영주차장(시),NW,노외 주차장,37.57155732,126.84165292,1,1,24.0,24.0,113,38.0,강서구 가양동 1457-1,강서구,8009,0.025192442267319804,1.0,1.0,297,0.45041261420571765,0.7279411764705882,0.6750641474224399,0.5891768953381529,0.6321205213802964
가양역 공영주차장(시),NW,노외 주차장,37.56332959,126.85308175,1,1,13.0,13.0,182,79.0,강서구 가양동 1480-10,강서구,8009,0.053883834849545134,0.2666666666666667,0.4210526315789473,228,0.45041261420571765,0.5588235294117647,0.24720104436505305,0.5046180718087412,0.37590955808689713
개화산역 공영주차장(시),NW,노외 주차장,37.57224302,126.80518976,1,1,24.0,24.0,118,320.0,강서구 방화동 845-0,강서구,8009,0.22253324002799157,1.0,1.0,292,0.45041261420571765,0.7156862745098039,0.7408444133426638,0.5830494443577607,0.6619469288502122
개화역 공영주차장(시),NW,노외 주차장,37.57798421,126.79821222,1,1,24.0,24.0,53,483.0,강서구 개화동 664-0,강서구,8009,0.3365990202939118,1.0,1.0,357,0.45041261420571765,0.875,0.7788663400979706,0.6627063071028588,0.7207863236004147
관철동 공영주차장(시),NS,노상 주차장,37.56843983,126.98628105,1,7,13.0,5.0,221,7.0,종로구 관철동 13-14,종로구,1896,0.0034989503149055285,0.2666666666666667,0.0,189,0.0,0.4632352941176471,0.09005520566052409,0.23161764705882354,0.16083642635967382
구로디지털단지역 공영주차장(시),NW,노외 주차장,37.48512157,126.902238615,2,2,24.0,24.0,148,91.0,구로구 구로동 810-3,구로구,3621,0.062281315605318396,1.0,1.0,262,0.12709991158267017,0.642156862745098,0.6874271052017727,0.3846283871638841,0.5360277461828284
구파발역 공영주차장(시),NW,노외 주차장,37.638209,126.918987,1,1,24.0,24.0,207,399.0,은평구 진관동 70-1,은평구,3656,0.27781665500349895,1.0,1.0,203,0.1296787503684055,0.49754901960784315,0.7592722183344996,0.3136138849881243,0.536443051661312
난지중앙로노상공영주차장(시),NS,노상 주차장,37.5691472,126.8804551,1,31,13.0,13.0,2,31.0,마포구 상암동 481-94 ,마포구,4083,0.020293911826452064,0.2666666666666667,0.4210526315789473,408,0.16114058355437663,1.0,0.23600440335735537,0.5805702917771883,0.40828734756727186
남대문 시장 관광버스전용 주차장(시),NS,노상 주차장,37.559470000000005,126.9759085,1,2,24.0,24.0,220,2.0,중구 남창동 51-4,중구,2000,0.0,1.0,1.0,190,0.007662835249042127,0.46568627450980393,0.6666666666666666,0.23667455487942302,0.4516706107730448
남대문 초입 관광버스전용 주차장(시),NS,노상 주차장,37.55943,126.975717,1,3,24.0,24.0,220,3.0,중구 남창동 282-10,중구,2000,0.0006997900629811056,1.0,1.0,190,0.007662835249042127,0.46568627450980393,0.6668999300209938,0.23667455487942302,0.4517872424502084
남대문 화물 공영주차장(시),NS,노상 주차장,37.56091076,126.97788023,1,9,10.0,10.0,312,9.0,중구 남대문로4가 24-1,중구,2000,0.004898530440867739,0.06666666666666665,0.2631578947368421,98,0.007662835249042127,0.24019607843137256,0.11157436394812549,0.12392945684020734,0.11775191039416641
남부여성발전센터 공영주차장(시),NW,노외 주차장,37.462917,126.905718,1,1,24.0,24.0,48,128.0,금천구 시흥동 139-2,금천구,2257,0.08817354793561931,1.0,1.0,362,0.02659888004715591,0.8872549019607843,0.6960578493118731,0.4569268910039701,0.5764923701579217
남산공원 소월로 관광버스전용 주차장(시),NS,노상 주차장,37.554290705,126.978524075,1,12,24.0,24.0,78,12.0,중구 남대문로5가 450-0,중구,2000,0.006997900629811056,1.0,1.0,332,0.007662835249042127,0.8137254901960784,0.6689993002099369,0.41069416272256026,0.5398467314662486
남산공원 소파로 관광버스전용 주차장(시),NS,노상 주차장,37.55604371,126.97914481,1,21,24.0,24.0,134,21.0,중구 남창동 205-107,중구,2000,0.013296011196641006,1.0,1.0,276,0.007662835249042127,0.6764705882352942,0.6710986703988803,0.34206671174216813,0.5065826910705242
남산예장 관광버스전용 주차장(시),NW,노외 주차장,37.559821,126.989076,1,1,18.0,18.0,38,39.0,중구 예장동 4-1,중구,2000,0.02589223233030091,0.6,0.6842105263157894,372,0.007662835249042127,0.9117647058823529,0.4367009195486968,0.4597137705656975,0.44820734505719717
남산케이블카 공영주차장(시),NS,노상 주차장,37.55592104,126.98384264,1,21,12.0,12.0,114,21.0,중구 회현동1가 1-19,중구,2000,0.013296011196641006,0.20000000000000007,0.3684210526315789,296,0.007662835249042127,0.7254901960784313,0.19390568794274,0.3665765156637367,0.28024110180323836
남산파출소 공영주차장(시),NS,노상 주차장,37.55489261,126.98190801,1,13,10.0,6.0,38,14.0,중구 회현동1가 1-16,중구,2000,0.00839748075577327,0.06666666666666665,0.05263157894736842,372,0.007662835249042127,0.9117647058823529,0.042565242123269446,0.4597137705656975,0.25113950634448345
남산한옥마을 공영주차장(시),NW,노외 주차장,37.56005799,126.99316078,1,1,11.0,11.0,53,16.0,중구 필동2가 83-1,중구,2000,0.00979706088173548,0.1333333333333333,0.31578947368421056,357,0.007662835249042127,0.875,0.15297328929975978,0.44133141762452105,0.2971523534621404
당고개위 공영주차장(시),NS,노상 주차장,37.67044313,127.08058642,1,22,13.0,13.0,49,23.0,노원구 상계동 111-568,노원구,3918,0.01469559132260322,0.2666666666666667,0.4210526315789473,361,0.14898320070733864,0.8848039215686274,0.23413829652273907,0.516893561137983,0.37551592883036106
당산고가밑 공영주차장(시),NS,노상 주차장,37.53239477,126.90068662,1,23,10.0,6.0,337,23.0,영등포구 당산동5가 9-15,영등포구,4323,0.01469559132260322,0.06666666666666665,0.05263157894736842,73,0.17882404951370465,0.17892156862745098,0.04466461231221277,0.17887280907057782,0.1117687106913953
당산노외 공영주차장(시),NW,노외 주차장,37.52625065,126.89945376,1,1,13.0,13.0,295,236.0,영등포구 당산동3가 2-1,영등포구,4323,0.1637508747375787,0.2666666666666667,0.4210526315789473,115,0.17882404951370465,0.2818627450980392,0.2838233909943976,0.23034339730587194,0.25708339415013476
대림노외 공영주차장(시),NW,노외 주차장,37.4928472,126.89433148,1,1,10.0,10.0,94,93.0,구로구 구로동 120-5,구로구,3621,0.0636808957312806,0.06666666666666665,0.2631578947368421,316,0.12709991158267017,0.7745098039215687,0.13116848571159645,0.4508048577521194,0.29098667173185794
대림역 공영주차장(시),NS,노상 주차장,37.495401,126.89383223,2,49,10.0,6.0,86,18.0,영등포구 대림동 808-24,영등포구,4323,0.01119664100769769,0.06666666666666665,0.05263157894736842,324,0.17882404951370465,0.7941176470588235,0.04349829554057758,0.4864708482862641,0.26498457191342084
도봉산 공영주차장(시),NW,노외 주차장,37.6876442,127.04066026,1,1,14.0,14.0,75,135.0,도봉구 도봉동 282-26,도봉구,2535,0.09307207837648705,0.33333333333333337,0.47368421052631576,335,0.04708222811671087,0.821078431372549,0.30002987407871207,0.43408032974462996,0.367055101911671
도봉산역 공영주차장(시),NW,노외 주차장,37.68972069,127.04483862,1,1,24.0,24.0,213,358.0,도봉구 도봉동 288-19,도봉구,2535,0.2491252624212736,1.0,1.0,197,0.04708222811671087,0.48284313725490197,0.7497084208070911,0.2649626826858064,0.5073355517464487
독산동 금천교 공영주차장(시),NS,노상 주차장,37.46658655,126.88993519,1,21,10.0,6.0,284,21.0,금천구 독산동 1081-4,금천구,2257,0.013296011196641006,0.06666666666666665,0.05263157894736842,126,0.02659888004715591,0.3088235294117647,0.044198085603558694,0.16771120472946033,0.10595464516650951
돈화문로 공영주차장(시),NS,노상 주차장,37.5647315,126.992846,1,48,10.0,6.0,58,48.0,중구 을지로3가 296-24,중구,2000,0.03219034289713086,0.06666666666666665,0.05263157894736842,352,0.007662835249042127,0.8627450980392157,0.05049619617038864,0.4352039666441289,0.24285008140725878
동구로 공영주차장(시),NW,노외 주차장,37.49510602,126.89186155,1,1,24.0,24.0,104,71.0,구로구 구로동 94-1,구로구,3621,0.048285514345696286,1.0,1.0,306,0.12709991158267017,0.75,0.6827618381152322,0.4385499557913351,0.5606558969532837
동국제강 공영주차장(시),NW,노외 주차장,37.56733736,126.98343453,1,1,10.0,10.0,301,13.0,중구 삼각동 111-1,중구,2000,0.007697690692792161,0.06666666666666665,0.2631578947368421,109,0.007662835249042127,0.26715686274509803,0.11250741736543364,0.1374098489970701,0.12495863318125186
동대문 공영주차장(시),NW,노외 주차장,37.56710187,127.01214106,1,1,24.0,24.0,133,1092.0,중구 신당동 251-7,중구,2000,0.7627711686494052,1.0,1.0,277,0.007662835249042127,0.678921568627451,0.9209237228831352,0.34329220193824656,0.6321079624106909
동순라길(종묘) 관광버스전용 주차장(시),NS,노상 주차장,37.57278931,126.99677676,1,5,24.0,24.0,78,5.0,종로구 인의동 107-1,종로구,1896,0.002099370188943317,1.0,1.0,332,0.0,0.8137254901960784,0.6673664567296478,0.4068627450980392,0.5371146009138434
동작대교 공영주차장(시),NW,노외 주차장,37.518577,126.983287,1,1,14.0,14.0,45,88.0,용산구 용산동6가 69-11,용산구,2674,0.06018194541637509,0.33333333333333337,0.47368421052631576,365,0.05732390215148836,0.8946078431372549,0.2890664964253414,0.4759658726443716,0.3825161845348565
동작대교 공영주차장(시),NS,노상 주차장,37.50535472,126.9806183,1,47,14.0,14.0,14,88.0,용산구 용산동6가 69-11,용산구,2674,0.06018194541637509,0.33333333333333337,0.47368421052631576,396,0.05732390215148836,0.9705882352941176,0.2890664964253414,0.513956068722803,0.4015112825740722
동호대교(남) 공영주차장(시),NS,노상 주차장,37.53093729,127.024794275,1,18,10.0,10.0,17,18.0,강남구 압구정동 435-0,강남구,15468,0.01119664100769769,0.06666666666666665,0.2631578947368421,393,0.9999999999999999,0.9632352941176471,0.11367373413706881,0.9816176470588235,0.5476456905979461
마른내길 공영주차장(시),NS,노상 주차장,37.56433062,126.99457488,1,33,10.0,6.0,59,33.0,중구 인현동1가 87-10,중구,2000,0.021693491952414275,0.06666666666666665,0.05263157894736842,351,0.007662835249042127,0.8602941176470588,0.046997245855483115,0.43397847644805043,0.24048786115176676
마른내로 공영주차장(시),NS,노상 주차장,37.56452799,126.99985972,1,14,9.0,24.0,82,14.0,중구 오장동 69-3,중구,2000,0.00839748075577327,0.0,1.0,328,0.007662835249042127,0.803921568627451,0.3361324935852577,0.40579220193824656,0.37096234776175213
면목유수지 공영주차장(시),NW,노외 주차장,37.579494,127.081451,1,1,24.0,24.0,123,567.0,중랑구 면목동 168-2,중랑구,3158,0.3953813855843247,1.0,1.0,287,0.09298555850279988,0.7034313725490196,0.7984604618614416,0.3982084655259097,0.5983344636936756
명일동 공영주차장(시),NW,노외 주차장,37.55361065,127.15591212,1,1,11.0,6.0,220,11.0,강동구 명일동 47-9,강동구,5653,0.006298110566829951,0.1333333333333333,0.05263157894736842,190,0.2768199233716475,0.46568627450980393,0.06408767428251055,0.3712530989407257,0.21767038661161814
목동체비지 공영주차장(시),NW,노외 주차장,37.53679354,126.8806468,1,1,13.0,13.0,124,55.0,양천구 목동 908-26,양천구,3941,0.037088873337998596,0.2666666666666667,0.4210526315789473,286,0.15067786619510756,0.7009803921568627,0.24160272386120418,0.42582912917598514,0.33371592651859466
문래1동 공영주차장(시),NS,노상 주차장,37.51355189,126.89703007,1,11,10.0,6.0,164,11.0,영등포구 문래동3가 54-12,영등포구,4323,0.006298110566829951,0.06666666666666665,0.05263157894736842,246,0.17882404951370465,0.6029411764705882,0.041865452060288334,0.39088261299214644,0.2163740325262174
방화로 공영주차장(시),NS,노상 주차장,37.55468529,126.81629744,1,59,9.0,24.0,97,65.0,강서구 공항동 796-0,강서구,8009,0.044086773967809655,0.0,1.0,313,0.45041261420571765,0.767156862745098,0.34802892465593654,0.6087847384754078,0.4784068315656722
방화역 공영주차장(시),NW,노외 주차장,37.577437555,126.81274469,2,2,13.0,13.0,181,135.0,,강서구,8009,0.09307207837648705,0.2666666666666667,0.4210526315789473,229,0.45041261420571765,0.5612745098039216,0.260263792207367,0.5058435620048196,0.3830536771060933
배오개길 공영주차장(시),NS,노상 주차장,37.56535114,126.998315985,1,10,10.0,6.0,60,10.0,중구 예관동 22-1,중구,2000,0.005598320503848845,0.06666666666666665,0.05263157894736842,350,0.007662835249042127,0.8578431372549019,0.041632188705961304,0.432752986251972,0.23719258747896665
볕우물 공영주차장(시),NW,노외 주차장,37.55237413,127.13512275,1,1,24.0,24.0,170,97.0,강동구 암사동 473-3,강동구,5653,0.06648005598320504,1.0,1.0,240,0.2768199233716475,0.5882352941176471,0.688826685327735,0.4325276087446473,0.5606771470361912
보라매상업 공영주차장(시),NW,노외 주차장,37.49039184,126.92340595,1,1,12.0,12.0,153,64.0,동작구 신대방동 431-3,동작구,2867,0.04338698390482855,0.20000000000000007,0.3684210526315789,257,0.07154435602711465,0.6299019607843137,0.20393601217880253,0.35072315840571416,0.2773295852922584
복정역 공영주차장(시),NW,노외 주차장,37.47005293,127.1277329,1,1,24.0,24.0,38,362.0,송파구 장지동 600-2,송파구,7851,0.25192442267319803,1.0,1.0,372,0.43877099911582673,0.9117647058823529,0.7506414742243993,0.6752678524990898,0.7129546633617445
봉천복개3 공영주차장(시),NS,노상 주차장,37.48839206,126.93069135,1,59,10.0,6.0,22,59.0,관악구 봉천동 1467-3,관악구,3005,0.03988803358992302,0.06666666666666665,0.05263157894736842,388,0.08171234895372825,0.9509803921568627,0.05306209306798603,0.5163463705552955,0.2847042318116408
사당노외 공영주차장(시),NW,노외 주차장,37.47543791,126.98377372,1,1,24.0,24.0,104,183.0,서초구 방배동 507-1,서초구,8665,0.12666200139958012,1.0,1.0,306,0.4987474211612143,0.75,0.70888733379986,0.6243737105806071,0.6666305221902336
삼각지고가밑 공영주차장(시),NS,노상 주차장,37.53704625,126.96954765,1,16,10.0,6.0,350,16.0,용산구 문배동 12-1,용산구,2674,0.00979706088173548,0.06666666666666665,0.05263157894736842,60,0.05732390215148836,0.14705882352941177,0.04303176883192352,0.10219136284045006,0.07261156583618679
서울글로벌센터 공영주차장(시),NW,노외 주차장,37.56983402,126.98150586,1,1,9.0,24.0,294,44.0,종로구 서린동 63-0,종로구,1896,0.02939118264520644,0.0,1.0,116,0.0,0.28431372549019607,0.3431303942150688,0.14215686274509803,0.24264362848008342
석계역 공영주차장(시),NW,노외 주차장,37.615292,127.062997,1,1,24.0,24.0,120,70.0,노원구 월계동 50-9,노원구,3918,0.04758572428271518,1.0,1.0,290,0.14898320070733864,0.7107843137254902,0.6825285747609051,0.4298837572164144,0.5562061659886598
성내역(잠실나루역) 공영주차장(시),NS,노상 주차장,37.517732385,127.105057265,1,28,9.0,6.0,336,32.0,송파구 신천동 11-1,송파구,7851,0.02099370188943317,0.0,0.05263157894736842,74,0.43877099911582673,0.18137254901960784,0.02454176027893386,0.3100717740677173,0.16730676717332557
세종로 공영주차장(시),NW,노외 주차장,37.57340269,126.97588429,1,1,24.0,24.0,280,1260.0,종로구 세종로 80-1,종로구,1896,0.8803358992302309,1.0,1.0,130,0.0,0.31862745098039214,0.9601119664100769,0.15931372549019607,0.5597128459501365
소파로케이블카앞 관광버스전용 주차장(시),NS,노상 주차장,37.55516503,126.983716475,1,2,24.0,24.0,77,3.0,중구 회현동1가 1-15,중구,2000,0.0006997900629811056,1.0,1.0,333,0.007662835249042127,0.8161764705882353,0.6668999300209938,0.4119196529186387,0.5394097914698163
수서역북 공영주차장(시),NW,노외 주차장,37.48801285,127.09994995,1,1,24.0,24.0,87,575.0,강남구 수서동 735-0,강남구,15468,0.4009797060881735,1.0,1.0,323,0.9999999999999999,0.7916666666666666,0.8003265686960578,0.8958333333333333,0.8480799510146955
신대방역 공영주차장(시),NW,노외 주차장,37.48830327,126.91452278,1,1,24.0,24.0,49,60.0,관악구 신림동 498-0,관악구,3005,0.04058782365290413,1.0,1.0,361,0.08171234895372825,0.8848039215686274,0.6801959412176347,0.48325813526117783,0.5817270382394063
신방화역 공영주차장(시),NW,노외 주차장,37.56706812,126.81757628,1,1,24.0,24.0,213,199.0,강서구 마곡동 739-0,강서구,8009,0.1378586424072778,1.0,1.0,197,0.45041261420571765,0.48284313725490197,0.7126195474690927,0.46662787573030984,0.5896237115997013
신설동 공영주차장(시),NW,노외 주차장,37.57252061,127.02425684,1,1,10.0,10.0,152,71.0,동대문구 신설동 114-29,동대문구,3021,0.048285514345696286,0.06666666666666665,0.2631578947368421,258,0.0828912466843501,0.6323529411764706,0.12603669191640168,0.35762209393041033,0.241829392923406
신월4동 공영주차장(시),NW,노외 주차장,37.525643,126.837692,1,1,24.0,24.0,96,46.0,양천구 신월동 411-1,양천구,3941,0.03079076277116865,1.0,1.0,314,0.15067786619510756,0.7696078431372549,0.6769302542570562,0.46014285466618127,0.5685365544616188
신천유수지 공영주차장(시),NW,노외 주차장,37.52231457,127.10290327,1,1,24.0,24.0,69,192.0,송파구 신천동 14-0,송파구,7851,0.13296011196641006,1.0,1.0,341,0.43877099911582673,0.8357843137254902,0.7109867039888034,0.6372776564206585,0.6741321802047309
압구정고가1 공영주차장(시),NS,노상 주차장,37.52607658,127.028388,1,19,13.0,12.0,58,19.0,강남구 신사동 668-0,강남구,15468,0.011896431070678795,0.2666666666666667,0.3684210526315789,352,0.9999999999999999,0.8627450980392157,0.21566138345630814,0.9313725490196079,0.573516966237958
여의도공원 공영주차장(시),NS,노상 주차장,37.5226,126.91685,1,48,10.0,6.0,70,49.0,영등포구 여의도동 2-11,영등포구,4323,0.032890132960111965,0.06666666666666665,0.05263157894736842,340,0.17882404951370465,0.8333333333333334,0.05072945952471567,0.506078691423519,0.27840407547411733
영남 공영주차장(시),NW,노외 주차장,37.51947074,126.90260898,1,1,24.0,24.0,174,570.0,영등포구 영등포동4가 123-0,영등포구,4323,0.397480755773268,1.0,1.0,236,0.17882404951370465,0.5784313725490196,0.7991602519244226,0.3786277110313621,0.5888939814778924
영동6교밑 공영주차장(시),NS,노상 주차장,37.494468795,127.071070055,1,38,10.0,8.0,47,38.0,강남구 대치동 512-1,강남구,15468,0.025192442267319804,0.06666666666666665,0.15789473684210525,363,0.9999999999999999,0.8897058823529411,0.0832512819253639,0.9448529411764706,0.5140521115509172
영등포구청역 공영주차장(시),NW,노외 주차장,37.52432737,126.89548892,1,1,24.0,24.0,238,137.0,영등포구 당산동3가 370-3,영등포구,4323,0.09447165850244926,1.0,1.0,172,0.17882404951370465,0.4215686274509804,0.6981572195008164,0.3001963384823425,0.4991767789915795
옥수역 공영주차장(시),NS,노상 주차장,37.54226979,127.01695354,1,31,10.0,6.0,304,32.0,성동구 옥수동 401-1,성동구,4331,0.02099370188943317,0.06666666666666665,0.05263157894736842,106,0.17941349837901563,0.25980392156862747,0.04676398250115608,0.21960870997382154,0.13318634623748882
온수역(남) 공영주차장(시),NS,노상 주차장,37.49185054,126.8241372,1,41,10.0,6.0,35,41.0,구로구 온수동 51-26,구로구,3621,0.02729181245626312,0.06666666666666665,0.05263157894736842,375,0.12709991158267017,0.9191176470588235,0.04886335269009939,0.5231087793207468,0.2859860660054231
용산주차빌딩 공영주차장(시),NW,노외 주차장,37.53436379,126.96541818,1,1,24.0,24.0,283,561.0,용산구 한강로2가 12-9,용산구,2674,0.3911826452064381,1.0,1.0,127,0.05732390215148836,0.3112745098039216,0.7970608817354794,0.18429920597770497,0.4906800438565922
웃우물 공영주차장(시),NW,노외 주차장,37.52379759,126.85141746,1,1,24.0,24.0,67,79.0,양천구 신정동 943-25,양천구,3941,0.053883834849545134,1.0,1.0,343,0.15067786619510756,0.8406862745098039,0.6846279449498484,0.49568207035245576,0.590155007651152
원효대교 남단 공영주차장(시),NS,노상 주차장,37.52234322,126.93684128,1,13,24.0,24.0,77,13.0,영등포구 여의도동 5-0,영등포구,4323,0.007697690692792161,1.0,1.0,333,0.17882404951370465,0.8161764705882353,0.6692325635642641,0.49750026005097,0.5833664118076171
을지로 공영주차장(시),NS,노상 주차장,37.56664646,126.99696895,1,81,10.0,6.0,48,82.0,중구 을지로3가 282-8,중구,2000,0.05598320503848845,0.06666666666666665,0.05263157894736842,362,0.007662835249042127,0.8872549019607843,0.058427150217507835,0.4474588686049132,0.2529430094112105
일원역 공영주차장(시),NW,노외 주차장,37.48468629,127.08408987,1,1,10.0,6.0,153,67.0,강남구 일원동 716-2,강남구,15468,0.045486354093771865,0.06666666666666665,0.05263157894736842,257,0.9999999999999999,0.6299019607843137,0.05492819990260231,0.8149509803921569,0.4349395901473796
일원터널 공영주차장(시),NW,노외 주차장,37.48285728,127.07937197,1,1,24.0,24.0,59,11.0,강남구 일원동 722-1,강남구,15468,0.006298110566829951,1.0,1.0,351,0.9999999999999999,0.8602941176470588,0.66876603685561,0.9301470588235293,0.7994565478395697
잠실역 공영주차장(시),NW,노외 주차장,37.51427683,127.10341414,1,1,24.0,24.0,410,357.0,송파구 신천동 27-0,송파구,7851,0.2484254723582925,1.0,1.0,0,0.43877099911582673,0.0,0.7494751574527642,0.21938549955791337,0.48443032850533874
장안1동 공영주차장(시),NW,노외 주차장,37.56941,127.066994,1,1,24.0,24.0,126,71.0,동대문구 장안동 392-3,동대문구,3021,0.048285514345696286,1.0,1.0,284,0.0828912466843501,0.696078431372549,0.6827618381152322,0.38948483902844955,0.5361233385718409
장안2동 공영주차장(시),NW,노외 주차장,37.5782752,127.07061896,1,1,24.0,24.0,168,80.0,동대문구 장안동 286-9,동대문구,3021,0.05458362491252624,1.0,1.0,242,0.0828912466843501,0.5931372549019608,0.6848612083041754,0.33801425079315545,0.5114377295486654
장충단로(한남광장) 관광버스전용 주차장(시),NS,노상 주차장,37.54735334,127.00265619,1,5,24.0,24.0,30,5.0,용산구 한남동 9-19,용산구,2674,0.002099370188943317,1.0,1.0,380,0.05732390215148836,0.9313725490196079,0.6673664567296478,0.49434822558554814,0.5808573411575979
종묘주차장 공영주차장(시),NW,노외 주차장,37.57150398,126.99496888,1,1,24.0,24.0,47,1317.0,종로구 훈정동 2-0,종로구,1896,0.9202239328201539,1.0,1.0,363,0.0,0.8897058823529411,0.973407977606718,0.44485294117647056,0.7091304593915944
진흥로 공영주차장(시),NS,노상 주차장,37.60134935,126.92020205,1,14,9.0,24.0,43,14.0,은평구 역촌동 41-8,은평구,3656,0.00839748075577327,0.0,1.0,367,0.1296787503684055,0.8995098039215687,0.3361324935852577,0.5145942771449871,0.4253633853651224
창동역(서) 공영주차장(시),NW,노외 주차장,37.65237042,127.04567683,1,1,24.0,24.0,209,107.0,도봉구 창동 330-0,도봉구,2535,0.0734779566130161,1.0,1.0,201,0.04708222811671087,0.4926470588235294,0.6911593188710053,0.2698646434701201,0.4805119811705627
천왕역 공영주차장(시),NW,노외 주차장,37.48728845,126.83918316,1,1,24.0,24.0,132,325.0,구로구 오류동 174-10,구로구,3621,0.2260321903428971,1.0,1.0,278,0.12709991158267017,0.6813725490196079,0.742010730114299,0.40423623030113903,0.573123480207719
천호역 공영주차장(시),NW,노외 주차장,37.53849749,127.12512853,1,1,24.0,24.0,161,1431.0,강동구 천호동 455-0,강동구,5653,0.9999999999999999,1.0,1.0,249,0.2768199233716475,0.6102941176470588,1.0,0.44355702050935314,0.7217785102546765
청계1(북) 공영주차장(시),NS,노상 주차장,37.56829844,126.988535675,1,12,10.0,6.0,133,12.0,종로구 관철동 13-14,종로구,1896,0.006997900629811056,0.06666666666666665,0.05263157894736842,277,0.0,0.678921568627451,0.04209871541461537,0.3394607843137255,0.19077974986417043
청계2 공영주차장(시),NS,노상 주차장,37.56882001,126.9933552,3,31,10.0,6.0,48,19.0,,종로구,1896,0.011896431070678795,0.06666666666666665,0.05263157894736842,362,0.0,0.8872549019607843,0.04373155889490462,0.44362745098039214,0.24367950493764837
청계3 공영주차장(시),NS,노상 주차장,37.56903312,126.99929159,5,69,10.0,6.0,71,56.0,,종로구,1896,0.03778866340097971,0.06666666666666665,0.05263157894736842,339,0.0,0.8308823529411764,0.05236230300500492,0.4154411764705882,0.23390173973779657
청계5 공영주차장(시),NS,노상 주차장,37.56951246,127.00563405,6,103,10.0,6.0,96,107.0,,중구,2000,0.0734779566130161,0.06666666666666665,0.05263157894736842,314,0.007662835249042127,0.7696078431372549,0.06425873407568372,0.3886353391931485,0.22644703663441612
청계6 공영주차장(시),NS,노상 주차장,37.56997040500001,127.012650815,4,46,24.0,6.0,117,53.0,,종로구,1896,0.035689293212036385,1.0,0.05263157894736842,293,0.0,0.7181372549019608,0.3627736240531349,0.3590686274509804,0.36092112575205765
청계7가 공영주차장(시),NS,노상 주차장,37.57167001,127.01971298,1,39,10.0,6.0,146,42.0,종로구 창신동 436-87,종로구,1896,0.027991602519244225,0.06666666666666665,0.05263157894736842,264,0.0,0.6470588235294118,0.049096616044426424,0.3235294117647059,0.18631301390456617
청계8가 공영주차장(시),NS,노상 주차장,37.570273685,127.02767654,3,112,10.0,6.0,224,10.0,중구 흥인동 162-1 0,중구,2000,0.005598320503848845,0.06666666666666665,0.05263157894736842,186,0.007662835249042127,0.45588235294117646,0.041632188705961304,0.2317725940951093,0.1367023914005353
탑골공원 관광버스전용 주차장(시),NS,노상 주차장,37.57130525,126.98776441,1,2,24.0,24.0,131,2.0,종로구 종로2가 38-4,종로구,1896,0.0,1.0,1.0,279,0.0,0.6838235294117647,0.6666666666666666,0.34191176470588236,0.5042892156862745
파미에(반포천) 주차장(시),NW,노외 주차장,37.504517,127.007933,1,1,24.0,24.0,407,1186.0,서초구 반포동 118-3,서초구,8665,0.8285514345696291,1.0,1.0,3,0.4987474211612143,0.007352941176470588,0.9428504781898764,0.2530501811688424,0.5979503296793595
학여울 공영주차장(시),NW,노외 주차장,37.49705092,127.07239543,1,1,24.0,24.0,48,180.0,강남구 대치동 514-1,강남구,15468,0.1245626312106368,1.0,1.0,362,0.9999999999999999,0.8872549019607843,0.7081875437368789,0.9436274509803921,0.8259074973586356
한강진역 공영주차장(시),NW,노외 주차장,37.53952176,127.00257963,1,1,24.0,24.0,62,174.0,용산구 한남동 728-27,용산구,2674,0.12036389083275016,1.0,1.0,348,0.05732390215148836,0.8529411764705882,0.7067879636109167,0.45513253931103825,0.5809602514609775
해군본부앞 공영주차장(시),NS,노상 주차장,37.50434092,126.92099226,1,20,10.0,6.0,159,23.0,영등포구 신길동 812-0,영등포구,4323,0.01469559132260322,0.06666666666666665,0.05263157894736842,251,0.17882404951370465,0.6151960784313726,0.04466461231221277,0.39701006397253863,0.2208373381423757
훈련원공원 공영주차장(시),NW,노외 주차장,37.56740014,127.00352062,1,1,24.0,24.0,87,873.0,중구 을지로5가 40-3,중구,2000,0.609517144856543,1.0,1.0,323,0.007662835249042127,0.7916666666666666,0.8698390482855144,0.39966475095785436,0.6347518996216843
훈련원공원 앞 관광버스 전용 주차장(시),NS,노상 주차장,37.56683225,127.003853,1,2,24.0,24.0,82,3.0,중구 을지로5가 40-2,중구,2000,0.0006997900629811056,1.0,1.0,328,0.007662835249042127,0.803921568627451,0.6668999300209938,0.40579220193824656,0.5363460659796202
